title,reason,best_candidate,score
Cultivation System: Stronger with Age,no match found,,
The Sword God of The Universe,no match found,,
Train Survival: I Can Evolve Everything!,no match found,,
Power and Wealth,no match found,,
Foolish Game of the Gods,no match found,,
Heavenly Dao engine,no match found,,
"STEADILY BECOMING A SAINT, THE IMMORTAL OFFICIALS HIRED ME TO TEND THE HORSES",no match found,,
MY GIRLFRIEND FROM TURQUOISE POND REQUESTS MY HELP AFTER MY MILLENNIUM SECLUSION,no match found,,
Omnipotent Sage,no match found,,
"I STAYED AT HOME FOR A CENTURY, WHEN I EMERGED I WAS INVINCIBLE",only a manhua/manga adaptation found,"I Stayed at Home for a Century, When I Emerged I Was Invincible",100.0
The immortal's wine store,no match found,,
I can track everything,no match found,,
Dantalian- Dungeon Defense LN,"similar title, needs a human check",Dungeon Defense (Novel),75.0
The Godsfall Chronicles,"similar title, needs a human check",The Alma Chronicles (Novel),80.95238095238095
My journey to godhood as a caterpillar,no match found,,
Strongest system,"similar title, needs a human check",Zui Qiang de Xitong (Novel),88.88888888888889
Abe the wizard,"similar title, needs a human check",Tanaka - Nenrei Equal Kanojo Inaireki no Mahou Tsukai (Novel),77.41935483870968
Building the ultimate fantasy,no match found,,
It's lonely to be invincible,only a manhua/manga adaptation found,Wudi Zhen Jimo,100.0
Tanky mage system,no match found,,
Cultivation: Start From Simplifying Martial Arts Techniques,no match found,,
The inkeeper,no match found,,
EXTRACTING BILLIONS OF TOXINS AND TEMPERING AN UNSULLIED BODY,no match found,,
Walker of the worlds,no match found,,
I became an immortal on mortal realm,no match found,,
"Myst, might, mayhem",only a manhua/manga adaptation found,"Myst, Might, Mayhem",100.0
Blue phoenix,no match found,,
Divine fantasy?,no match found,,
Sword God in a World of Magic,no match found,,
Myriad realms grand manager with a god system,no match found,,
God of fishing,no match found,,
Invincible divine dragon's cultivation system,no match found,,
Ocean master,no match found,,
Elite mages academy,no match found,,
GOD'S PATH: I CAN CREATE A LOT OF CHEATS THROUGH MUTATION,no match found,,
GLOBAL SURVIVAL: 100 TIMES CULTIVATION SPEED FROM THE START,no match found,,
Level up zombie,no match found,,
SIGNING IN AT MOUNT SWORD FOR 100 YEARS TO BECOME INVINCIBLE,no match found,,
Star odissey,no match found,,
The earth is my dantian,"similar title, needs a human check",The Earth Is Online (Novel),76.19047619047619
REINCARNATED AS A BABY? MY CRY IS A DRAGON ROAR!,no match found,,
Top-level Qi Luck: Leading My Clan to Cultivate,no match found,,
"IMPARTING MY CULTIVATION TO BEASTS GETS ME 10,000X IN RETURN!",no match found,,
Legendary armament canon,no match found,,
Hitman with a badass system,no match found,,
Reincarnated as an energy with a system,no match found,,
Second world,only a manhua/manga adaptation found,Second World,100.0
Dawn of the void,"similar title, needs a human check",Mahoutsukai Reimeiki (Novel),70.27027027027026
Soul emperor martial god,"similar title, needs a human check","Dragon Emperor, Martial God (Novel)",84.0
Others level up while i cultivate,no match found,,
Cultivation: Start From Simplifying Martial Arts Techniques,duplicate title,,
All the skills,no match found,,
White dragon lord,"similar title, needs a human check",Otherworldly White Dragon Lord (Novel),72.34042553191489
Becoming an ancestor in another world,no match found,,
Rise of the great emperor,"similar title, needs a human check",Scriptures of the Great Emperor (Novel),85.71428571428572
Reaper of the martial world,"similar title, needs a human check",Zhenwu Shijie (Novel),71.11111111111111
Lucifer's descendant system,no match found,,
The perfect run,no match found,,
Death scripture,no match found,,
The harvester,no match found,,
The court of souls,no match found,,
This earth is a bit fearsome,no match found,,
The dungeon without a system,no match found,,
Witch hunter system,no match found,,
Shadow slave,no match found,,
My fate system,no match found,,
I am a scarecrow and the demon lord of terror,no match found,,
Archean eon art,no match found,,
Ascending the Heavens as an Evil God,no match found,,
supremacy games,no match found,,
Legacy of the dark sage,no match found,,
Primal hunter,no match found,,
The primordial record,"similar title, needs a human check",Primordial Chaos (Novel),70.27027027027026
Fantasy simulator,no match found,,
Martial arts system,"similar title, needs a human check",Martial Arts Master (Novel),84.21052631578947
Cultivation! My Augmented Statuses Have Unlimited Duration,no match found,,
Realm of myths and legends,no match found,,
Complete martial arts attributes,no match found,,
INFINITE AWAKENING: MY EXP DOUBLES EVERYDAY,no match found,,
devourer,"similar title, needs a human check",Swallowed Star (Novel),76.19047619047619
Blood warlock: succubus,no match found,,
My Girlfriend From Turquoise Pond Requests My Help After My Millennium Seclusion,duplicate title,,
My werewolf system,no match found,,
Custom made demon king,no match found,,
My disciples are all villains,only a manhua/manga adaptation found,My Disciples Are All Villains,100.0
FOLLOW THE PATH OF DAO FROM INFANCY,no match found,,
The runesmith,no match found,,
Bloodline system,no match found,,
World of Beasts: I Can See Their Hidden Stats!,no match found,,
Tales of Xibalbá,no match found,,
Tales of herding gods,duplicate title,,
Supreme magus,no match found,,
New age of summoners,no match found,,
Super gene,"similar title, needs a human check",Super God Gene (Novel),83.33333333333334
Birth of the demonic sword,no match found,,
Blood elf monarch,no match found,,
The author's pov,no match found,,
Life hunter,no match found,,
Inhuman warlock,no match found,,
The great demon system,no match found,,
Avalon of 5 elements,no match found,,
Summoning the holy sword,no match found,,
Warlock,"similar title, needs a human check",Zhan Zheng Ling Zhu (Novel),71.42857142857143
King of Titans and Dragons,no match found,,
"My golden core is a star, do you call this cultivating","similar title, needs a human check",My Core Is the Boss (Novel),83.92857142857143
Last commander of the red alert,no match found,,
Godlike extraction,no match found,,
Incredible sect simulator,no match found,,
Hitman with a badass system,duplicate title,,
Vampire system,only a manhua/manga adaptation found,My Vampire System,90.32258064516128
Nano,no match found,,
